sentence,label
"Перед барином выслуживаешься холоп?
",1
"На комп нужен хороший блок питания, который сам является стабилизатором.
",1
а как по твоему происходит разгрузка товаров в магазинах? ну земля тебе пухом тогда братишка,1
"у тебя что, ИНТОКСИКАЦИЯ УКРАИНСКИМ МИРОМ?
",1
"ОТПРАВИМ ТАРАСОВ В ГУЛАГИ, ПАНУЮТ ПУСКАЙ В ВОРКУТЕ, ПУСТЬ СТРОЯТ МОСТЫ, ДОХОДЯГИ, И СМОТРЯТ КАНАЛ ОРТ
",1
"Просил почесать пузико
",1
"Прибыль или выручка? Мне чет сдается люди термины путают. Да и выручка какой-то базарный сленг. Доходом это называется.
",1
"Мы дрочим не на простых тян, если ты не догадывался. Отучаемся говорить за всех.",1
война - продолжение политики другими средствами,1
"Этим писюном переебали столько тян, сколько ты за 10 жизней не переебёшь.
",1
"Пиздец одни хачи. Стоило назваться хачеградом.
",1
"На соплях замешанный. Больно светловат.
",1
"Пидорван пидорнулся в пидорешт, пидранем за пидрокой
",1
"вот ты мне только что написал тебя найдут и отпиздят . то есть прямо точно. не может быть, а все, пиздец, никуда не уйти. и теперь ты отказываешься прислать ОДИН БЛЯДЬ случай? Я, кстати, сам то поискал, и значешь что?? НЕ НАШЕЛ БЛЯДЬ!!! Вот ведь сюрприз то. Я найти не могу, тебе влом так передо мной унижаться. Ну хуле. так и живем кукарекнул и в кусты
",1
"Ели работник оформлен легально, платит все налоги, его работодатель делает положенные отчисления в пенсионный фонд, почему он не должен получать пенсию?
",1
"Что. ты. несёшь. дегенерат?
",1
"Хотя смысл тебе чтото доказывать. Тыж фанат пидрильного клуба, любителей пощекотать очко(биотварей). Вот с этого и стоило начинать, я бы тогда не тратил время на такого сверхразума, как ты.
",1
хохложиды оправдываются смищными пикрилами,1
"вот теперь мне понравилось.
",1
"Во времена корейской войны управляемые ракеты ещё не придумали, так что успешно применяли всё те же пушки и пулемёты, что и во Вторую Мировую.
",1
"Бляяяяяя, он опять порвался, что совок унижают
",1
"А что тут годного? Это же просто какие то уроды
",1
Скорее просто вольная фантазия,1
"Крохотный то крохотный, да пикабушник
",1
"За тупость местных - ты не прав, по себе судить нельзя. В остальном верно.
",1
"Ну ты поди пораньше работать кончаешь мб?)
",1
"Учителишки отсосут танкам Абрамс
",1
"Народ сам покупает дешевку. То что вы хотите, покупаю мало потребителей
",1
"тебе похуй на жителей донбасса А тебе нет? Ты чувствуешь к ним эмпатию?
",1
"Ну так а причины почему он это сделал?
",1
"Это ты своей маме и сестре родной? С утра?
",1
"Почему ты зовешь это черрепиканием, ты ебанутый? Это восточнославянская внешность. А какая по твоему в россии внешность преобладает среди русичей?
",1
"Просто приди к ней домой и скажи - ты классная , даввай сходим куда нибудь !",1
"Президент Казахстана переименовал Астану в Нур-Султан Подробнее на РБК:
",1
Загуглите Пассивная безопасность опор освещения,1
Бауманка астанавитесь,1
"Аааа, ясно как ты знаешь США, наверное по твоему тут и негров линчуют А я своими глазами видел в прошлом году гей парад, который не то что разгоняли, там участвовали геи-копы, геи-политики, геи-пожарные, геи-медики итп Поэтому не вижу смысла продолжать спорить с человеком, который знает об Америке только с заголовков газет, лучше полюбуйся на фотки гей парадов в США на которых я был
",1
"у мочевика пересменка походу, скоро удалят забанят
",1
"И кто же тебя обоссал на этот раз, россиянец?
",1
"АНАЛитики жизни ютюба подоспели
",1
"Нет, ты что, так нельзя! Они достойны премии!
",1
"Может, просто социальная несправедливость не дает покоя предыдущему докладчику? Время ведь сейчас такое: ты либо работаешь клоуном у пидорасов, либо пидорасом у клоунов за тот же самый мелкий прайс. Либо вообще, прости господи, буддист. Вот вы, извините, к кому себя относите?
",1
"Какой ты жалкий кмет,вор и подлец. Вся суть социалистической заразы. Фи
",1
"Фи, истерить на дваче нехорошо.
",1
"А где тут указание того, что это сварщик, а не председатель горисполкома?
",1
"А ты кто по жизни то вообще?
",1
"Я тебе дохуя пруфов привёл, а ты ебанный дебил не верил. Сося должен был вам сказать, но сося долбаёб и тебя за человека не держит, почему он тебе должен рассказывать о своих фейл, если его заявляения раньше звучали гордо . Ебать ты дибил.
",1
"ИНТЕРМАРИУМ МАРИУМ Хохол,прекращай писать на русском,у тебя плохо получается.
",1
"Соколовский У этого татарчонка комплексы? Стыдится своей фамилии Сайбабталов?
",1
Ты ничего не понимаешь.,1
"итак дохуя тредов с проблемами России, тут мы постим ДРУГОЕ
",1
"Для тебе любой человек который ухаживает за собой пидор
",1
"Ну че ты сразу про блядство то? Может, жена давно тебя ненавидит и ищет по лесам бледную поганку, а ты этого не понимаешь, и потому не можешь ни исправить, ни предотвратить. Взаимоотношения полов в браке не заканчиваются.
",1
"Да жидяра это, что тут думать
",1
"Он просто старый ленивый пидор.
",1
"Какие же мерзотные зажравшиеся рожи. Прямо натуральные сеньоры помидоры из Чиполлино
",1
"А ты кто такой?Иди отседова
",1
"В крупных компания активно используются.
",1
"Неактивированная карта это просто кусок пластика.
",1
"ворона, кар-кар-кар-кар-кар-кар-кар... А петух рококо
",1
"Да наверняка это чья-то карманная фирма(кого-то из чинуш)
",1
"Вышел покурить на балкон, а тут Ын курит. Постояли, покурили.
",1
"Оборудование на линии ремонтировали.
",1
Залипательная хрень ) ЗЫ в космосе тряска нинужна,1
"подхрюкнул хряк блядский xD
",1
"Сталинисты - наглухо отбитые животные.
",1
"стрелять в орущее быдло
",1
"Иди подрочи на своих негров, хамло нерусское.
",1
"А смысл отвечать скоту? Ты же просто всхрюкнешь Врете .
",1
"нету. В тех же США большинство негров-мужчин были судимы. Пидораха, ты определись, у тебя речь о мигрантах или таких же коренных полноправных гражданах-неграх? ты еслибыкаешь да баттхертишь оп принёс пруфы скриншот газеты уровня СПИД-инфо хач-вампир выебал ЗЭКА Я же не svin ja чтобы копаться в желтушном мусоре и тащить всё сюда в тред. Вон есть всякие паблики новости русского мира , наслаждайся пруфами там.
",1
Что. ты. несёшь. дегенерат?,1
"Там написано он попросил и убедился тупица ты значит они повернулись уже
",1
"Если такое мнение тебя утешает - можешь продолжать верить в него, тут нет ничего постыдного. Вмешиваясь в комментирование я лишь предположил, что здесь кто-нибудь хотел узнать фактическое положение вещей, а не просто выразить плюсиками солидарность сходным поверхностным воззрениям.
",1
"тебя бы в первых рядах на эту войну погнали, дурик. потом кричал бы в объектив камеры: не хочу умирать! отпустите - вы же добрые!
",1
"Знакомые места! Я родом из Гремячинска. Басеги сразу узнала. Этим летом удалось увидеть Каменный город.
",1
"Давайте, пикабушники подтянутся
",1
"Регистрируясь на Пикабу, ты выразил согласие с Правилами. 4.1 Базовый принцип. Администрация просит Вас проявлять уважение к пользователям Пикабу. Судя по комментарию, ты в глаза долбишься
",1
"Мать его затравленная вебкам шлюха, а отец пидорнутая членодевка!
",1
"Всё норм, хули ты это ваще.
",1
"А что мешает детям начать коллективно чмырить говнюка? Ээ... воспитание?
",1
"А смысл. Молоко за копейки покупают у фермеров.
",1
"Смотрел отрывок из его стендапа, такой мерзотный тип пиздец
",1
"Ох, свежайший приём сам дурак , ты из детского сада пишешь, что ли? Воистину, нацея дигродирует.
",1
"Блядь, а ведь похоже!!!!!!!",1
"Лол, прям аж тянет муслимофилией
",1
"По существу ?ты что гопник ,можэ еще на корты присядем
",1
"Ну мимикрирующие хохлы ов дописывают, а пидорантели- ко .
",1
"Ник Вуйчич в восторге!!!
",1
"Почему ты подорвалось, либерахоговно?
",1
"Сабж бесталантный хуесос!
",1
"Просто на хуй посылаю таких наглецов.
",1
"Забыл упомянуть про неадекватною аудиторию
",1
"Нет, просто там французский сыр.
",1
"да хоть миллионную биткоина)
",1
"Модератор не мой, я просто разместил объяву.
",1
"Летс ролл бойз! ШМАЙСЕР ГЛУШКО ГРЕТТРУП ПЕРШИНГ СИКОРСКИЙ АХМАТОВА БУЛГАКОВ БУНИН СОЛЖЕНИЦЫН БЕЛЕНКО МАСК ПАТТОН
",1
"БРОСАЙ БЛЯТЬ Бросил. Пистолет выстрелил. Убил тётку. Полицейский обосрался и убил тебя.
",1
"украинские выборы пост в po пидорашки лахтодырки хуя у тебя в голове насрато
",1
"Вот вам и безвиз. Какие же хохлы дегенераты, пиздец просто
",1
"проход в рашку А пидорахи всё о том же. Классика.
",1
", тут у человека весь народ психически больные и отставшие в развитии. Сможете ему помочь?
",1
"Монголокацап детектед.
",1
"скрим у девицы слабоват Дружище, а у какой женщины ты слышал хорошо звучащий экстрим-вокал?
",1
"иди и вари, можешь посолить ещё. И перца добавить...
",1
"рапред коробка на хомутиках, держи быдло монтажника
",1
"Ты очень общительный человек?
",1
"Ну и как теперь узнать, виновен он был или нет?
",1
"Не хрипи пидорашечка, такие убогие как ты живут в загоне и делают то, что им скажут.
",1
"Да про этих узкоглазых ебел куча
",1
"Откуда вот в таком возрасте? Расскажи какую воду пьешь?
",1
"Ты просто шизик. Скройся.
",1
"Сказал бы ей: Да успокойся ты, свиноматка, хрю-хрю Это б ей было похлеще твоей оплеухи
",1
"Пиздили по голове твою мамашу когда она высирала тебя, безграмотный ребёнок.
",1
"Потому что он гомогеев убивал.
",1
"Верните Крыму Украину!
",1
"Да это просто холодно тут...
",1
"Когда было иначе, лол. Легаси? Или ты по темпесту соскучился?
",1
Током пиздануло пьяного ежа)),1
"В школе мозаикой был выложен во всю стену на первом этаже. Попробуй забудь.
",1
"У тебя в домашке мало букв, а мне надо много.
",1
"Вот не ври)))) ты бы мне вовсе не ответил тогда бы, а тут целая тирада... чсв? ты из какого века это нарыл? такое уже не используется, ещё бы упячку вспомнил",1
"U Zagori na izvoru rijeke ikole Stala bra a da obrane na e domove, Stoji Hrvat do Hrvata, mi smo bra a svi Ne ete u avoglave dok smo ivi mi
",1
"Недорого, постоянным клиентам скидки)
",1
"А передом заехать в ограниченном пространстве? Потому что мне передом как-то сложнее.
",1
"Русских придумали евреи что бы отобрать у тебя горилку, знаем.
",1
"По-моему ты просто зануда
",1
"Поддвачну. Всем похуй на пуки маспожоров.
",1
"Анастасия Афанасьевна старая тупая сука
",1
"Что ты, блять, несёшь... Стоп. Ты - бабка у подъезда? О о
",1
"Ты че, 2080 не могла подарить? Что за нищебродство... Я бы психанул.
",1
"Ублюдки потрошителей завезли. Полакомиться.
",1
"Какой-то лысый интерес у тебя(
",1
"Уберите свиногитлера отсюда. Егор - обыкновенный левак-якобинец.
",1
"На фото какой-то парад уродов, лол.
",1
"У тебя воображение - так себе
",1
"Чуркабес плес, иди трусы на рынке продавай, чмырь
",1
"А может ты? Не можешь объяснить термин не используй его, за умного синхрофазатрона сойдешь чепух.",1
"ты на стол-то ложись, русалка!
",1
"Как бы подпирает подбородок. Ногой
",1
"C хуев они отказались от эксклюзивов? Форза, Хало, Гири-это эксклюзивы винды, хуй ты их на плойке запустишь
",1
"А где номер сервисной поддержки?
",1
"сам давно налысо брился?
",1
"гениальные мысли и ролики мысли консоле-пидора
",1
"Какая-то ерунда... Обратиться в поддержку?
",1
"Репутацию создаешь годами, а теряешь в один миг, ребята.
",1
"Учите матчасть, селекционер.
",1
"Тут же ещё вопрос качества тех прививок. Во всяком случае, мне почему-то так кажется.
",1
В Ленинградской из Хабаровска,1
"хохлов Т.е. его за спонсирование ЛДНР против хохлов хотели посадить? Вот только вместо реального оружия он выложил отфотошопленное, а про бтр сказал что он ненастоящий.
",1
"твой папаша был пассивным пидерастом его в попу трахал и он это любил. однажды его страпонила какая то дегенеративная жидовская шлюха и он случайно кончил ей на пизду. этой жидовской шлюхой была твоя мать.
",1
"Ты хотел сказать пидоры?
",1
"А ты видимо нет, раз такой умный!)
",1
"У тебя еще есть время
",1
"Знал бы ты как меня тошнит при виде этого...
",1
"Фолач - дропнул Сталкера - дропнул пиздец бля
",1
Ватники продолжают экранизировать совковые сказки.,1
"Ебать ты просто мировой заговор вскрыл. ВС !!! Ебать ты умный. Не то что те ребята на стриме, которые не поняли этого.
",1
"Фуууу, геи! Мам! Смотри! В попу писюны суют!
",1
"Плохо что тебя не интересуют особи женского пола)
",1
"Я укорочу свою простыню текста. ...Когда срешь на ПОраше как пидорашка якобы случайно серешь себе в шаровары. Скрипт пидорашек тригиртся и скрывает тебя как пидорашку. По этому ты меняешь обсранные шаровары и все равно срешь не снимая.
",1
"Ну кто-то же должен еду подавать
",1
"Умник, тебя бы в эту часть, я бы посмотрел какой ты бы там был. В крысы бы улетел, с черными ручкался бы а своих гнобил
",1
"Тяжёлое наследие диванных войн.
",1
"В Китае что-то подобное планируют вводить.
",1
"Ты боишься даже криво посмотреть на этих ерох, ведь они набьют тебе ебальник сразу. Жиза? Жиза
",1
"Отличная иллюстрация.
",1
"Старый жырик это клоун у пидорасов.
",1
Кроме последнего - да. В таянии полярных льдов виноваты пингвины.,1
"МИЛОНОВ БЛЯТЬ ЗАЛОГИНЬСЯ
",1
"Едет блондинка на такой хорошем автомобиле и останавливает ее гаишник. Она без разговора протягивает ему 100 баксов. Он их естественно берет и спрашивает: - Слышь красавица откуда у тебя такие деньги и такая машина. Ты кем работаешь? - А я минетчица. - А-а хуй сосешь? - Ну почему? У тебя есть такая машина? - Нет. - А такие деньги? - Нет. - Так это ты хуй сосешь а я- минетчица!!!
",1
Могу тебе отдать свои старые семейники,1
"наконец-то новое видео
",1
"Ты там продолжай, мы смешить не будем пока не закончишь
",1
"Где ссылка на информационную новость?)
",1
"Ты долбоёб? Не 99 . Максимум 70 .
",1
"Что же, отавим Малороссию Украину в покое.
",1
"Я слышал, русские в банях в жопу друг друга ебут
",1
"Ты САМ прочитал мой коммент, САМ решил написать на него ответ, и САМ решил что мои претензии не логичны. На сайте, на котором каждый пишет что хочет, как утверждают комментаторы. Так вот, тебе не кажется что твои претензии не логичны?",1
Глянь DAWG(a) если ты анимеблядь.,1
"Будешь орать когда тебя десять хачей в жопу ебать начнут, сжв-хуесос. Хотя наверняка тебе понравится.
",1
"Ебать злые москали кожу на его лице испортили
",1
Да просто там машин мало.,1
когда я поехала учиться в Санкт-Петербург,1
"Поясните про шкаф и попа
",1
"Ебать он тупка, турки и арабы оФФициально белые, причем тут негры, антрополог хуев. А вообще качалочка, хуи негров, мужское государство Ясно-понятно
",1
"А может быть ты долбаеб, аэээм?
",1
"Тут все таки совпадение, потому что плашкаа прям ему в ракетку попадает
",1
Ты отставил религию это твое дело. Но зачем писать посты и осквернять религию. Ты говоришь о любви к родным но ты их предал и предал ты их тем что оскверняешь то что им дорого. Задай свой любой вопрос об Исламе с научной точки зрения и я тебе отвечу с религиозной точки зрения.,1
"Кто, кроме Сакрамара помнит о свинье гнидине?
",1
"Где же я говорил неправду? Назвал русофоба русофобом? Или сказал, что состояние русофобии ненормально?
",1
"называется - веди себя как придурок перед камерой на потеху толпе
",1
"топит против прогресса Он не топит за или против. Он утверждает, что прогресса не существует.
",1
"дебил-куколд Значение знаешь?
",1
"А ты вспомни чем Женя Лукашин салатницу мыл
",1
"И хули?Эмотивист ты ссаный?Маргинал тоже говорил, что ему взрослого больше жалко чем зиготу,но это сраные эмоции.Этика рационализирует мораль и уберает противоречия,хуй ты мутный",1
"Ты бы с полом определилось) а потом уже национальной ориентациией займемся)
",1
"Хм... По-моему, ты не слышал, как кричит такой поросенок. Его хуй выпиздишь из загона, сначала... хоть за уши, хоть сапогами. А ещё эту тушу надо протащить метров 40 и завести в станок . И, только потом, ты залезешь сверху, угнездишься так, чтобы тебя по стенкам не размазало, наклонишься, и ведешь пику, и взрежешь шейку.. И только сейчас ты услышишь и поймешь разницу между просто визгом, хоть и от боли, и СМЕРТНЫМ.. ...даже, если тебе 10 и ты вообще снаружи свинарника. ...убивают его, блядь...
",1
"Для тебя котик - имущество?
",1
"на Хабре твой пост, MR VF ?
",1
"соси как хохлы сосут хохол
",1
"Хуйня у тебя в штанах, пидар.
",1
"Манямирок пидорашки доставляет
",1
"Жидо-холоп закукарекал
",1
"как же любят чуркобесы свои автопортреты всюду лепить...
",1
"Ну погуглили бы оригинал статьи
",1
"sos mi vida Сос, бггггггг! Сос мивина ыхыхыхыхыхы
",1
"Лазурник, ты? Я узнал тебя по твоим шизоидным постам. Помнишь, как ты пытался что то выдавить из себя в Джапари библиотеке, а мы с ассистентом нассали в твоё карри? Ты ещё съел, облизнулся и попросил добавки. А потом сказал, что всю жизнь будешь ненавидеть друзей, но когда ты пошёл на них в рейд, чтобы их съесть, то они пустили тебя по кругу, после чего тебе наложили на анус восемь швов. Как поживаешь, Лазурник?
",1
"Сам не выкупил, признаюся. Поймал.",1
"Эй парень, а не ты ли дерьмом собачьим обмазался?
",1
"Бог ты мой... 2000-й... как сладок был мой первый интернет...
",1
"Ух ты! Дяденька, а вы правда настоящий сварщик!? Здоровсько!
",1
Ты слишком долго ходил зимой без шапки.,1
"я никому минусы не ставлю здесь, а ты походу баклан подгорел и аж на все по единичке повесил?
",1
"Гандоны - это ты и твой хозяин - пидорас-пригожин . А те, что на оппиках - уважаемые люди, несущие свет и освобождение в тоталитарную парашу.",1
"хуйца пососи блядина лахтинская, иди на завод сосать хуй за 15К, под твои потребности как раз
",1
"https: pp.userapi.com c848520 v848520411 11627b cOhWqFbGjWE.jpg
",1
"Что-то ты чутка зажралась, нет? Или это ты шутишь так?
",1
"Он видел некоторое дерьмо
",1
"Ты долбоеб? Я рассматриваю ситуацию с позиции националистов, тот же Егорка на Пыню бугуртит пуще твоих навальнят, да и в целом ненавистные чекисты с самого с нулевых годов подавляют националистическое движение.
",1
"Это не твоё мнение. Ты же не играл в батлу.
",1
"А ты чурка. Иди монобровь сбрей.
",1
"Надеюсь тебе выломают все зубы и вобьют на их место гвозди.
",1
"Бескрымодебилу неприятно.
",1
"Что за Лахта? Этот шизофреник опять бредит. Думаешь, если ты, скот, РАБ отаешь на своём ёбаном заводе, то и все такие же рабы? Я лишь получаю проценты с твоего труда , лол.
",1
"Надеюсь, ты понял, о чем просят тебя написать.
",1
"А-А-А-А-А-А--А-А!!!!!!!
",1
"Гандоны - это ты и твой хозяин - пидорас-пригожин . А те, что на оппиках - уважаемые люди, несущие свет и освобождение в тоталитарную парашу.
",1
"это ты который отстаивает сапог компрадорского барина??
",1
"Так а почему ты тогда блеешь тут, скотогноеублюдомаспосвинопидораха?
",1
"Привет хуемрази-угнетатели!
",1
"Я ерничаю, это ты так меня воспринимаешь, и это, увы, твоя
",1
Скачешь на хуях как что-то плохое а тебе даже кунчики не дают вот,1
"Аккреция, как же аккреция?
",1
"Зачем же ты добралась до двача, скотина безрогая?
",1
"В налоговую иди и в рожу им кинь.
",1
"Ром же из сахара, вредно(
",1
"Когда понасёнок начинает волноваться и теряет аргументы, он постит порашные картиночки.
",1
"А кто тогда такой конкурент ?
",1
"А квас какой? Сам делаешь, или окрошечный на разлив из пивнухи?",1
"Билеты из банка приколов.. Да, ничего святого у людей нет.
",1
"Тебе не кажется это совпадением, что твой тред висит второй месяц и модерам абу на него похуй? Значит ты сам выдумал проблему и пытаешься на самоподдуве всем навязать её. Нет свинюш, так не работает, иди бандере ботинки почисти лучше, воен диванный.
",1
"я не ебаная русня Ну, либо ты пиздишь в том, что по открытому пиздабольству детектятся именно русские, либо ты пиздишь про то, что ты не руссачок. В любом случае, ты обоссаный пиздобол, не могущий в дискуссию и аргументы.
",1
"Как подушка безопасности узнает об аварии?
",1
"Попизди у меня тут шаболда ибанная
",1
"Мы тут обсуждаем жирного коммуняку - техноблоггера, а не тупых шлюх. За подобной дискуссией проследуй в другой тред
",1
"Чувак, ты подписал договор с суммой 68 тыс.? Ты уже оплатил? Если оба ответа да - смирись, ты лох, без обид.
",1
"Ебать тут весь тред о Новороссия. Боты, вы ебанутые? Какие Загитовы, деревенские долбоебы, котеночки, блядь. Как Новороссия до этого скатилась?
",1
"Я сказал, что он автоматически борется за идеи фашистской идеологии.
",1
"А следующая лекция Религия и положительные тенденции в выздоровлении
",1
"Толика - убердолбоебика
",1
"ОП, ты хуйню придумал. От этого пострадают только всякие усть-перепиздюйск-телекомы с 3.5 сотрудниками. А наварятся жирные коты из большой тройки, через которых ты и послушавшие тебя аноны продолжат капчевать.
",1
"Пиздешь подпиндоссной либерасни. Благодаря полезным санкциям, Россия вырвалась в лидеры в сфере высокотехнологичного производства.
",1
"Актеры-то какие замечательные.
",1
"Алё, ты этот коммент оставил как раз под постом с хеппи-эндом!
",1
"Белые современные светодиоды в тепло перерабатывают где то 70 потребленной энергии, остальное в свет.
",1
"воу, у нас тут интеллигенция на дваче
",1
"И тебя упекут в дурку заботливые прохожие, когда ты будешь с ней общаться. То есть, не с ней, а с пустым местом. И дрочить не на неё, а на пустое место.
",1
"Так вот ты какая, козья морда .
",1
"Уважаемый, ты реально глупый и не вкуриваешь, о чьих именно трусах идет речь? Или просто дурака валяешь?
",1
"Э, ты че там замолчал? Понос от айрана или на билет погасторбайтерить в Россию деньги у бабки воруешь? Эй, уразбаев, отвечай.
",1
"Я свяжу тебе горло, и ты умрёшь. мимо айва
",1
"Михаил Ходорковский - патриот России!
",1
"Охуеть ты олд Сразу вспомнил ту группу в вк, со смешными мемами
",1
"Тамада хороший и конкурсы веселые.
",1
Сходила посмотрела на чашечку - оказалась баварского производства),1
"Шовинистические пидораны
",1
"Чернь в комментах потешается над подгоревшим пятаком.
",1
"Мне бы понравилось жить со шлюхой.
",1
"Очередные предметы камлания
",1
"Название темы - как описание товара на али экспресс)
",1
"Тред имени alexdarkstalker98
",1
"не читал кто служил, тот пидорас
",1
"Каждое утро отскребаю морду и юзаю простое мыло, а не гели пены. Просто кто то тут неженка.
",1
"Читал и блевал, блевал и читал, ненавижу ублюдков
",1
"Так высрал же тебе на лицо, а ты утерся и отреагировал, ну че ты как маленький.
",1
"Покупают квартиру и складывают.
",1
"Ну пусть тебя так резанут
",1
"Ну хз, давай проверим, вот ты в вузе отучился?
",1
"Алло, пикабу, я не узнаю тебя. Где гифки со слонячьми болтами???
",1
"Минутка проплаченных постов на пикабу
",1
"Добавим к условиям задачи табличку - тут падает 50и килограммовые градины.
",1
"Драма в том, что ты ебаная вниманиеблядь и привлекаешь к себе внимание мочерни ища под кроватью вниманиеблядей. Моча! Забань уебка!
",1
"Верните мне нормальную советскую медицину, я жить хочу.
",1
"жыды Жидошизик, ты опять выходишь на связь, мудило?
",1
"Бактерия, тебе этого не понять Конечно, я же не ист е рик. Вот здесь поподробнее Сахаров А.Н вещает: Ты какой-то бред написал. Всё логично. Фраза была обращена к тебе. Твои проблемы - учись изъясняться определённее. Я заказал книгу о Второй Мировой войне на planeta.ru. Ой, извини, тогда ты не шваль - ты просто чернь. Это при условии, что ты действительно заказал маняграфию
",1
"Мужик, ты вообще в адеквате? Все хорошо? Ведёшь себя как малолетка
",1
"Да мне похуй, с кем ты на ты говоришь. К тебе я обратился на вы . Как результат твоей фамильярности - соответствующее обращение, девочка моя. Не рыдай, сама нарвалась.
",1
"Ты из какого века блядь?
",1
"почему тебя минусят какие то олигофрены?
",1
"Ждал, чтоб он его великом уебал.
",1
"Офигеть, проект Ушакова вспомнили )
",1
"Сообщение просто сгусток интеллекта.
",1
"Хера себе он воткнулся.
",1
"Проигрываю от того как он хуесосит постсовок. Брызжущая слюной русофобия.
",1
"Уууууууууу, бляяяя. А он блядь заранее не знал, что у него будут съемки невротебаццаа каких то проектов, бухачи праздничные. Не любит он сука людей безответственных сам то епта послушай че ты пиздишь. Интересно ему про коммунизм послушать, твои верования потрошнут и катком переедут, сидит небось матчасть изучает.
",1
"Сказали что температура буксового узла 26 .
",1
"Опять создали тред про этого умственноотсталого, на хуй он вам нужен?
",1
"Какое-то хуйло, которое срёт на других. Говно говна просто, мерзкий тип.
",1
"Ну ты красава, чесслово... Чо так возбудился то, в штыковую ходил? Ну не служил, чичас таких полно, это не диагноз...
",1
"То чувство, когда тебе 15 но ты знаешь половину этих пунктов
",1
"А если в ответ на поздравление с днём рождения какой-то мудак-именник тебя в лицо ударит, ты перестанешь поздравлять с именинами вообще всех?
",1
"Нахуй иди чмо ебаное, рот твой ебал. Говна поешь, быдло
",1
"Не нужна только тупому быдлу, вроде тебя.
",1
"Какие адские бояны залезают в горячее
",1
"Господин Киселев, остановитесь
",1
А сдачи доете.А то у них потерьнет,1
"Верно замечено. А синичке, хоть пшеничка!
",1
"Охуел? Я сюда треды пришел скрывать. Вернул кнопку.
",1
"Хохлы то да разъезжаются ты прав.
",1
"Че ты там мямлишь, утырок? Сопли подотри
",1
"Ты, бля, не мороси, служил, али как?
",1
"блять скока быдла на харкаче за путина голосовал?
",1
"Перевожу: -Я здесь альфа-самец!!!
",1
"Матриархальные законы.
",1
"Бля пиздец хохлы казахи дегенарты
",1
"залетуха плиз, если ты так любишь покой, то ты бы вспомнил лето и осень, когда даун на модере тер АБСОЛЮТНО все, а так ты просто даун который очередной раз разжигаешь срач и тебе похуй на реакшены, главное просто повыебываться и посрать.
",1
"Волжские буглары пидарасы мимо астраханский татарин
",1
"тут все от муниципалитета зависит - где-то забьют, а где-то отреагируют
",1
"СВИНОРУСЫ 19 реджев В треде 19 хохлов
",1
"ценностей и моральных устоев Скреп, одним словом
",1
"Что, сученок, мало я тебя говном в попереднем треде накормил? Сюда прибежал?
",1
"Мне кажется тебе лечиться надо. Или в жопу меньше давать, чтобы клапан держал.",1
"Какой алгоритм, блядь? Отправил жалобу на бан и модератор подтвердил бан
",1
"бля, окрашивание у стриптизёрши конечно колхозное что пиздец...
",1
"Афродыра - толерантно!
",1
"А кого сатана убил ? Ради образрванности
",1
"Да всё понятно с тобой, ватогной вылизывающий очко Путину. И неважно какой ты национальности.
",1
"ПОЧЕМУ ТЫ ЕЩЕ НЕ ВЫПИЛИЛСЯ ПОЗОРНЫЙ МЕЛКОХУЙ? ЧТО ТЕБЯ ДЕРЖИТ?
",1
"Вали нахуй,мужик хоть нормальную себе найдет.
",1
"зачем в снег? Осень в холодильник - весной вынимаешь. Они же спячку впадают.
",1
"Хозяин, давай на улицу!!! Подпёрло ужо!!!
",1
"Пошел нахуй с тупичка
",1
"Ахуеть как похорошела!
",1
"Какие же ебала проплаченные. Ебанная лахта
",1
"тред горелых пекарей, найс
",1
"Отправить ты можешь только хуй в свою жопу, лахтодырка.
",1
"Про древние постройки в целом.
",1
"Памагите!!!!!! Бамп,бамп,бамп!!!
",1
"Наоборот, красава. Решил развлечь анонов. А тебе рака и спида, падла неблагодарная",1
"Тостота то какая! ХОХЛОТА!
",1
"Обратит вниманиа на шкалу - ALL AGES
",1
"девчонка на превьюхе на богиню Дашу похожа
",1
"Пикрил Твоё лицр, когда увидел опередивший тебя тред?
",1
"Вот бля уебищи, как пить дать напились пива, и ясен пень ссать убежали, быдло сраное
",1
"Лол, я тебя обосрал за твой уебанский душный снобизм. уберкринжанала можешь обкладывать хуями сколько угодно.
",1
"Основные сложности какие?
",1
"Ну видимо!!!!!! УУУУУУУУ!!!!!!!!!!! ААААААААААА!!!!!!!!!! УАУАУАУ!!!!!!!
",1
"вчера только был пост, где мужик электрогитару сделал такую же, может это он же?
",1
"Red Dead Redemption II прям какой-то, да
",1
"Частная благотворительность.
",1
"Можем на тебя ещё и модера за безмозглых позвать.
",1
"ряженые кизяки Извинись!
",1
"Если бы я ответил Ты пиздишь это было бы оскорблением, или в контексте ок?
",1
"Бабушкин персиковый чай? )
",1
"Слушай, вот серьезно, обратись к врачу. Да-да, они все жиды, и психиатрия - это вообще псевдонаучные штучки пейсатых, но ты все же обратись.
",1
"Желаю тебе всегда играть без сапортов)
",1
"Ничтожны тут только твои тупые поцты.
",1
"Беднорус и Беднорусский, Беднорусь.
",1
"Что ты несешь? ты поехавший? Ты понимаешь чем к примеру физичиеские законы отличаются от теорий разной степени охуительности ? Закон гравитации работет на всей планете Земля независимо от твоих манятеорий. Пространство блядь- трехмерно. А ты утверждаешь что оно может быть , 5,6 и прочее мерным, но доказать и продемонстрировать мы не можем по этому представим... Ты ты тупой верун Есть невидимый мужик , доказать и подтвердить мы не можем но давайте поверим... Иди нахуй. Ты настолько туп что не понимаешь даже что время- это иллюзия.
",1
"Парашно-ватный дебил, плиз
",1
"Ты понимаешь что ты шизоид?
",1
"вау... либо у тебя ваще чуйки нет, либо... незнаю.. то есть ты для себя разделил мир на людей с перегаром и трезвых?
",1
", мат. Мои нежные, девственные чувства оскорблены.
",1
"Ты с кем разговариваешь, шизик?
",1
"Традиционный гей-четверг. Делаем пузыри с рыбами в космосе.
",1
"Ты серьёзно думаешь, что из-за того, что ты смотришь Панчина ты не относишься к 95 населения? Ну смотри там про магию и прочую говнину, хули с тебя взять.
",1
"Встретил бы я тебя на улице, ох и поплакал бы ты горькими слезами.
",1
"Ага, да, жели-пожевали, добра нажевали, блеать!
",1
"скажите, а что заставляет пользоваться подобными мемами фекально-дендроидной архитектуры?
",1
"Ты опять выходишь на связь, шизик, тебя уже исключили из твоей сортиростроительной шараги?
",1
"А реставраторы из солнечной средней Азии следят за Большим Ра. И когда он слегка подносится, и город выделит деньги на реставрацию - пизда придет Большому Ра.
",1
"Ты о нем уже третий пост мне пишешь. Зачем ты тогда мне пишешь? Если тебе скучно и хочешь пообщаться, то время сменить тему.
",1
"Стоп, а как же нанотехнологии?!
",1
"Говорят в гражданскую войну Колчак перед своими так рофлил, а ему его дед рассказывал.
",1
"Вот ты хуйню какую-то на пикабу постишь, а в это время враг боевые навыки совершенствует
",1
"кто-то запускает ракеты этим он вертит на хую роскосмос слышите Ебать вас промывают, пиздец просто.",1
"Пиздуй у Ашотов сосать, сельдь. Думаешь мы не поняли, что ты обычная шкура?
",1
"Изменила мужу шлюха. Всё просто.
",1
"сам небось и забанил себя
",1
"Танкисты пидарасы танкисты хуесосы танкисты долбоебы конченые
",1
"Верни скрывалку, обезьяна!!!
",1
"ГУСАРЫ!!!! МОЛЧАТЬ!!!
",1
"Приходят в математик пиво, физик и менеджер.
",1
"Ты троллишь? Если ты такой правильный - плати мне репарации. Точно репарации, а не материнский капитал, ссуду или стипендию? Просто репарация - это по факту штраф за проёбанную войну от одно государства другому. Да и по международному праву, официальный приемник СССР - Российская Федерация. Так что, как переедешь на Аляску, можешь смело писать заявление в международный суд на РФ, чтобы тебе вернули 3 прадедовы коровы. Документы, подтверждающие собственность-то, остались?
",1
"Белую мразь давили как говно, погоны вбивали гвоздями царским шлюхам. Смылись во Франции и Германии, а позже воевали против свтего же народа. Краснова поймалии повесли, старую шлюху таракана.
",1
"Интересная точка зрения
",1
"Охуевший коммент. А ты часом сам не охуел ли?
",1
"Предлагаю каждому русскому отдавать свою женщину на пользование мигранту, чтобы он быстрее ассимилировался.
",1
"свинорылая пидорашка, плиз
",1
"Игру запретили в пидорашке после этого. Да хуй знает. Ты не хочешь со своими глубокими комментариями свалить в по, ньюсач, блохач или хотя бы в тред к шарию? Уверен, там диванным бойцам необходимы твои важные политические комментарии.
",1
",обьясните плх,человеку что он не прав
",1
"Как обычно, кто-то держит дистанцию, а кто-то в нее перестраивается.
",1
"Почему у тебя все красное? Ты дальтоник? (автор данного комментария не собирался никого оскорблять.)
",1
"Ты еще зомбоящик забыл с его гом2 и прочими говно шоу которые им прививают такую модель поведения как правильную
",1
"Реальная фамилия Шульженок. Лол, опять хохлы заливают.
",1
"БЛЯТЬ! Опять ржу, как представлю минет вприкуску с пирогами! Чувак ты уникум!!!!!
",1
"КНН Коты Не Нужны? Ты че, охуела, тварь?
",1
Да он видать за деньги :) Дорого оказалось и денех жалко :),1
"Какой же охуенный хайлайт
",1
"Ослоеб бараноебу, ты хотел сказать?
",1
"И хули?Эмотивист ты ссаный?Маргинал тоже говорил, что ему взрослого больше жалко чем зиготу,но это сраные эмоции.Этика рационализирует мораль и уберает противоречия,хуй ты мутный
",1
"Уууу. Сладкоежка детектед.
",1
"В магазинах скидки, отличный повод прикупить!
",1
"ну вот так. Не спрашивали. А ты лезешь везде со своим мнением. Которое интересно кому? Никому.
",1
"Наличие высшего образования предполагает наличие мозга.
",1
"Предлагаю вашему вниманию поэтические страницы маестра. До тридцати сиянье чуда В тебе, быть может, будет жить Улыбки нежность неоткуда Тебя заставит не забыть Потом морская синь, дороги И быт усталый и глухой Тебя доедут до берлоги И в старость уведут рукой Останутся со мной мгновенья Недокасанья юных рук Недосознанье упоенья Былой любви к тебе, мой друг. 6.03.07. АПОЛОГИЯ ДВИЖЕНИЯ. Среди чернеющих небес Себя найдешь на улице Бредущим по городу Где только снег идет Как ты Другое все иного направленья И сотни тысяч стен домов Тебя встречают В ужасе Ты страшен Поскольку ты идешь Они стоят Тот кто идет всегда опасен И одинок Как этот снег Как эта ночь Огромная удача Что ты не видишь Как ты одинок Но ты уснешь Как это небо станешь Великой темнотой Луна звенит И звезды опадают Как снег, как листопад Куда-то вниз Туда где ты Страниц не различая Запишешь их Листву и звон от звезд И песни стон и лунное дыханье На маятник повяжешь низ Чтоб верх по стрелке шел вперед И только так достигнешь ты себя Своих богов, своих детей Своих последствий И выбор сделаешь на пользу лишь себе 8.03.09. ЧЕЛОВЕК. Такое длинное мгновенье: А дальше эхо и забвенье Что надо нам успеть За этот срок недолгий? Спросить себя: Ты кто? - И дать ответ; Но главное влюбиться: Чтобы ответ мог подтвердиться. 9.01.10. ЮНОСТЬ ПОЭТОВ. Я срезал стебель для своих утех Я гений Значит правом данным от начала Я выбираю жребий тех Кто нужен мне для счастья и причала А, может, для страдания Как агнец богу на закланье На пир души и хищной, и прекрасной Веду я за руку фантомы красоты И каждый ты живешь лишь в мере той Что под руку со мной ведет тебя судьба слепая Ты значим лишь в моих глазах Ты существуешь только как моя болезнь Как озеро испившее нарцисс Как призрак сна настигнувший меня На кромке заколдованного лета Знайте, юность саван воскрешенного поэта 10.02.09.",1
"Кто-нибудь досмотрел до конца, а то мне лень?",1
"Нахуй иди, я тебе весь тред что ли читать буду? Пидор, бешбармак тебе в хычин!
",1
"Да. Левый сосок на левой сиське, на левой фотке.",1
Ты нормальнео не умеешь ты сразу урчать начинаешь,1
"Нахуй иди, щенок. мимо нульчер 2010
",1
"Хуй бы ты двачевал, если бы сидел в говне на уровне стран Африки.
",1
"Скажите участковому, он её застрелит.
",1
"Сократят анальную цензуру в сети. Русню начнут давить. Дремлет хлопец у дороги...
",1
"А ещё в СССР издавали произведения Солженицына, значит советский союз был сам против себя.
",1
"Почему их импортируют? Тут нет технологий?
",1
"а ничего другого ты сделать и не можешь. смотришь на ватниках на дорогих машинах, стоя на остановке в 5 утра, пиздуя на завод. стоишь и машешь этим ватникам дрожащим кулачком.
",1
"Ваше мнение - ваше мнение. Забейте его себе куда хотите.
",1
"Иди нахуй,бля. Я искал эту хуйню так как дрочу в гостиницах, когда в командировки летаю. Сплю бухой без трусов. Мне нужная эта ебень.
",1
"Забанил тебе за щеку Мимо-Абу
",1
"Пьяного-могила исправит!
",1
"Это ты мерзкий же, я отрицал пока не стало известно официально об этом.
",1
"Жалость то какая, бедные кошки.
",1
"В редких случаях и кирпич оживляют)
",1
"э русна на бутылку садис да мимо татарин
",1
"Че им делать в хохляндии? стецвойны тут у нас на форумах рыжым шатают.
",1
"связаны Даун, читать то умеешь?
",1
"Передайте своему пидарасу понасенко, что он спалился как кремлевский пидар, когда на Шульман наехал. у меня всё
",1
"неи я тебе не сяду на лицо.шебм
",1
"Правила дорожного движения, пидорас малолетний.
",1
"Улучшаются в архимагов палладия
",1
"НУ ЧО СУКА ПРОСИЛ СКЕТЧИ? ПРОСИЛ? ПОЛУЧАЙ БЛЯДЬ!!
",1
"мб что-то произошло Секс конечно, очевидно же.
",1
"после первого же прогиба ученики либо совсем дурачками станут, либо отличниками.
",1
"Какой нахуй шок, что ты выдумал уебок, может тебя ещё и за цп не забанят в твоем маня-шок треде? Скоро будешь бан ловить за свои скримеры, сучье отродье .
",1
стоит ли анону качественный разъеб с годным монтажом делать А ты точно вывезешь?,1
"А он тебя не кормит)? Может тебе котлеток выслать?
",1
"на преображенке был такой домик, в районе б.черкизовской, д7
",1
"вне зависимости от того, что ты высрешь, это не поменяет того факта, что какой-то петух из белгородской деревни зашибает в месяц в два, а то и три раза больше, чем твой алкаш-отец и шлюха-мать, а ты и дальше будешь сидеть и нахуй никому не нужный сосать хуй, а ему присылать донаты, омегалул
",1
"Репорт самопиарищейся вниманиебляди.
",1
"Пиздобол, уебывай уже. Ты обосрался везде, где только мог хохлы
",1
"А у тебя писечка поперек, или это только от мамы передаться может?",1
"Кто за рулем то, че съябывал?
",1
"А как ты понял, что у тебя глисты? И как вывел?
",1
"обычные японские блага.
",1
"Собаки ебаные твари нахуй они нужны где отлов бродячих псов
",1
"Скоро татары тебя раскулачат и отберут свою жену
",1
"Мазохист? Я из тебя эту дурь выбью!
",1
"Серьёзно? Скинь, пожалуйста, хоть один пример, где на международных переговорах кто-то кому-то говорил Ты дурак или да?
",1
"Ошметки лунного модуля нашла японская обсерватория еще в 90-е. Ты тупой? Летать то летали, модуль садился, только померли космоновтики. Их дублеры заменили по возвращении.
",1
"рекомендует книгу Черный лебедь ? ебать он дебил
",1
"Сам ты преступник. Я живу здесь.
",1
"Тупа галимый сойбой (несмешной)
",1
"Блять, вот хохлы везде Россию приплетают, а вот кремлеботы везде хохлов пытаются приплести.
",1
"Речь не про египет. А вообще про древние постройки.
",1
"Пошла нахуй свинья. Хохла на штык! Хороший хохол - дохлый хохол. Убей хохла, убей!
",1
"стоит ли анону качественный разъеб с годным монтажом делать А ты точно вывезешь?
",1
"Ну чо, братан, окуклился?
",1
"на пятак из украча: Форс свиней , хохлуту, какелов и прочих (раSSово антифашиSSтских) именований украинского народа отправляется в бан свиня плиз
",1
"Смотрите, петух закукарекал. Пади падмойся, Маня
",1
"Какие же пиндосы дегенераты, пиздец просто.
",1
"Проклятый Путин украл средиземноморский климат.
",1
"Потому что ты латентный педик. На трапов еще наверняка дрочишь
",1
"если он пытался писать в прокуратуру, то признавал справедливость НКВД Ты просто поехавший ЯСКАЗАЛьщик
",1
"Шоб тебе индивидуальную скидку в 20 дать
",1
"НА УКРАИНЕ БЕЛОРУССИЯ
",1
"На фото же видно, что модель обновленная. Mr. Fusion установлен.
",1
"Ну, деушка, мастерица ты в жмурки играть - цитата из русской народной сказки Серебряный колокольчик . Кстати , деушка - не опечатка
",1
"Что она у тебя такая жирная? На шаверму её готовишь?
",1
"умных людей игродауны
",1
"Банить за скримеры, я ебу, ты шизойд сам понял, что высрал ?
",1
"doc6cviyl9oc39b Ну что за позорище. Ты сам присмотрись, СИНТЕТИЧЕСКАЯ КУРТКА SRYNKA aka МУСОРНЫЙ МЕШОК , наверное ещё шуршит так забавно и блестит.
",1
"Уважаю Сталика Хакегншиев, особенно когда он своих подписчиков называет козладаразина и ссыт им в рот.
",1
"вы растекаетесь по всей борде лишим вас загончика, чтобы это на самом деле стало правдой А ты хитер.
",1
Задолбала его эта курица))),1
"Вдруг, кто захочет поддержать парня в дороге рублем, Карта сбера: 5469 2700 1225 5537, Ссылка на его страницу в вк:
",1
"Дурачок даже сам себе лайкнул как дебил.
",1
"Когда тебя насилуют нельзя отбиваться. Когда тебя убивают нельзя защищаться. Почему же ты не вспоминаешь о сотнях миллионах, погибших от рук капитала. Ежедневно люди гибнут в капиталистических войнах, организованных ради прибыли. Чего ты о них не вспоминаешь? Когда бандит вломится в твой дом, не сопротивляйся. Дай ему убить тебя.
",1
"Как же я проигрываю с подобных визгов. Ало, долбоеб. Ты не задумывался, что настоящие травители это как раз те самые нормальные люди , которых ты тут противопоставляешь обиженным девственникам ? Двачеры лишь придают огласку, а реальный хейт и изоляция исходят именно от окружения шлюхи, от таких же нормисов-доброхотов. Поссал в рот недоумку. И еще докинул струю за самопожертвенный надрыв жопы ради каких-то рандомных шмар.
",1
"Задолбал этот культ войны.
",1
"Мне тебя жаль честно раз ты не можешь понять что там не написано что он был Прав и говоришь зачем поворачивать ещё двоих. Всё просто он убедился что он был не прав, пойми ты не прав был не ппрррааавввв по этому хватило двоих повернуть. Прочитай условия внимательно и этот текст сново условия и покажи кому нибудь из взрослых это чтоб объяснили тебе пробитому что ты сынок пробитый
",1
"где расчехляет кулаки, ты врешь 4пик Заебала пиздеть, русня
",1
"Едут два пидора в трамвае. Час пик, давка. Один другому говорит: - Котик, давай ты меня выебешь прямо здесь? - Что ты, мой сладкий, тут же народу так много. - Ой, ты зря переживаешь, тут всем наплевать, никто и не заметит. - Ну не знаю... - Вот смотри. (громко) Граждане, который час? Никто даже не оборачивается. - Теперь понимаешь? Давай, снимай штаны скорее. Конечная остановка, в трамвае в одиночестве сидит пожилой мужчина. Кондуктор подходит к нему: - Дедушка, а чего вы сидите? - Ой, милок, так сердце прихватило что-то, еле дышу. - Ну так попросили бы у пассажиров валидола, у кого-нибудь да оказался бы. - Да попросишь тут, один спросил, который час, так его всю оставшуюся дорогу в жопу ебали.
",1
"Ты думаешь, что у феминисток есть мужья? Какой дебил будет с ними жить? Пизда ты ограниченный ебик...Серьезно считаешь феминистки ебанутые бодипозитивщицы повернутые на притеснении кунцов? То что ты считаешь фемиками, это обычные фрики-маргиналы, норм феминистки топят против феминицида, и за выравнивание зарплат. К кунью ненависти не испытывают, сосут хуйцы, моют посуду.
",1
"малой у тебя в штанах, малой. россия будет свободной, а ты останешься малым, малой.
",1
"А девушка в ахуе, тк ты её назвал доской, вы живёте в центре города и ты ходишь с топором
",1
"Чувак у тебя диагноз. Отойди от монитора и успокойся. Ложись в кровать и попробуй заснуть.
",1
"ебать у вас там мозги моют
",1
"ПРОКЛЯТАЯ ДЕТОЕДСКАЯ МРАЗЬ. ГОРИ В АДУ ВЕЧНО.
",1
"Он всегда делал контент для умственно-отсталых дедей, просто, когда тебе он нравился, ты сам еще умственно-отсталым ребенком был.
",1
"Залётный глист строит из себя дурачка и обвиняет кого-то в залётности . Спешите видеть.
",1
"Всем здесь занимали. Мне профсоюз инвалидов умственного труда номерок в эту очередь выдавал!
",1
"Блядь ты жопой посты читаешь?
",1
"дырка у тебя в голове.
",1
"выдающий в целующем холопа, а в целуемом - тщеславного мудака. Зашоренное быдло эс из.
",1
"АХАХАХАХА... я вголос проорал
",1
"Наташа закукарекала, заместо Авроры
",1
", жестокость? мне противно видеть такое в ленте пикабу.
",1
"больного синдромом патау Лскал ролик, в котором Ебжен пародирует Вульфа, чтобы ты мог оценить тяжесть его болезни. Но наткнулся на эту фразу и охуел.
",1
"нести хуйню оскорблять пранки
",1
"тебе платят хорошо? сколько стоит твоя совесть и самоуважение, шлюха??
",1
"Вангую это пишет сам хуесос модер.
",1
"Коучер, промоутер, шоумен и просто альфонс",1
"Тиньков был пиздец как прав, что блогеры продажные. Долго до тебя доходило.
",1
"Хватит самому себе отвечать,шизофреник ты несчастный
",1
А вот у него мать пахала!,1
"Зарплата понятие относительное
",1
"Очередная наглая ложь мочеподсоса.
",1
"Хохол, тебе разве Петя разрешил в эфир выходить? Иди Томос встречай.
",1
В середине истории услышал странный шум в голове,1
"Блядь, а ведь похоже!!!!!!!
",1
"пытаясь вызвать праведный гнев нищего быдла пролетариата Ты перепутал Толясика с Сисяном. хз, чего это петушарий начал бегать с этими 50к баксов Тебе говорят не просто, что он получает 50к, а наглядно показывают за что , он получает 50к. Смекаешь?
",1
"Ты ещё проо диван в фитнес-центре вспомни
",1
на фестивале Панчлайн он конечно знатно обосрался. 80 шуток про еблю и геев.,1
"Обычная баба. Пацан - лох.
",1
"Ербанк т коффф,для тебя и тебе подобных приготовлен отдельный котел в аду,рядом с теми кто пишет пизд
",1
"а в хорошем гараже, относительно плохого производства?
",1
"Артас-пидорас а фанаты долбаёбы
",1
"ОТПРАВИМ ТАРАСОВ В ГУЛАГИ, ПАНУЮТ ПУСКАЙ В ВОРКУТЕ, ПУСТЬ СТРОЯТ МОСТЫ, ДОХОДЯГИ, И СМОТРЯТ КАНАЛ ОРТ!
",1
"Батя -- хохол, мать -- русская.
",1
"Что-то появившееся на небе пугает туристов Кто рассказал Черноброву про это, дух горы, мертвецы дятловцы?
",1
"Мужик получит сотрясение мозга, а ты минимум условку. А если он скопытится, ударившись затылком, то вообще беда
",1
"Сходила посмотрела на чашечку - оказалась баварского производства)
",1
"не гейское. а почему ты полумал о геях?
",1
"да и сам в принципе мог бы слазить все проверить
",1
"Согласен, после просмотра груза перестал смотреть его фильмы, какие бы он не снимал
",1
"В лахту уже совсем на голову отбитых долбоёбов берут? Пиздец, ну есть же нормальные работы, хули ты в это говно пошёл, не понимаю.
",1
"Блять, как ты доебал, мы уж поняли, что ты люто хейтишь нестеренко, настолько, что готов высирать целые простыни, даже не особо разбираясь в вопросе. Ну не является для нестерова ютуб основным занятием, как для какого-нибудь хованского. Есл бы ты следил за этой аутичной тусовочкой, знал бы что нестеров айтишник на удаленке.
",1
"Зачем тут эта хуета про кастрюли?
",1
"уахаха, сук. чел, ты гений.
",1
"жопедч хыыыыыыыыыыыыы ну тут соглыыы кто дотер пишити айди будем катать катки
",1
"ГДЕ 110 цифровых???!!!
",1
"О чо вы решили что он - работник? Вдруг он эмо-суицидник-прилумщик?
",1
"Какое тебе дело кто катит, пока на оппиках скрины из аниме?
",1
"Нахуй тебе видосы с резиновой куклой, фетишист штоле?
",1
"Ты вот про сестру сказал, а я чёт почти на все сто был уверен, что он именно в Голландии живёт, хз как объяснить, чуйка чтоль... Видал я ролики про сестру, суды там и все такое. Был я на его канал подписан, а потом он мне стал мерзок. Ты обратил внимание на атрибуты наличия денег ? Почти в каждом ролике, то часы, то мы гардероб жены показываем с кол-вом сумок, то мы критикуем других блогеров за плохие зубы... Он плохой человек. А татарин, он мог, ахметычь злой на многих.",1
"Отличие в цели. Кто-то хочет заработать, а кто-то хочет развиться, не идя на поводу у масс
",1
"У-ух, ненавижу, блядь, хохлов.
",1
"Извини тебе в грязном ходить приятно?
",1
"кого-то мне это напоминает...
",1
"Работал мастером зарплата на севере 28к, уволился устроился на зарплату в 90к
",1
"Ни днем ни ночью покоя нету, одно у тебя на уме!
",1
"За рогатую крысу-крысу
",1
"Это же обычный трамвай на шинах. Метробус на мой взгляд удобней
",1
"А самолётов нет в Северной Корее?
",1
"На видео смотри, тупомозгий. Раздел, сортировочка. Давай.",1
"Я ем, а вы тут со своими глистами блеать!
",1
"Вот про вершителей судеб правильно.
",1
"соблюдай нормы поведения и правила принятые обществом. Так а где нормы-то? О чем ты говоришь вообще? Ты опять ведешь речь о том чего сам не знаешь?
",1
"Да я вас парву падлы, сопляки драные
",1
"Побольше мук в аду этой жидовской подстилке.
",1
"кто такой ватник Сторонник Путина. Коллаборант поддерживающий нынешний оккупационно-олигархический режим.
",1
"Соловьев, и остальная банда чинуш и давно он чиновник?
",1
"Этот долбаеб же за русский мир топил на Даунбассе, почему никто заяву не накатит за то что он участвовал в войне, в рашке же это уголовное преследование.
",1
"Почему у папича такой даунский чат? Традиция.
",1
"Совершенно верно, большенство приколов про Колю, это переделанные про Чака.
",1
"чушь какая то, куда отделить, кому отделить
",1
"Надеюсь ты от нас в конечном итоге не свалишь. А так красавчик, в апреле иду на концерт в Уфе.
",1
"а жаль - на хуй он нужен
",1
"Чак колет орешки.. яцутками.
",1
"Ватники продолжают экранизировать совковые сказки.
",1
"Ну арендовать же конечно выгодней)
",1
"Слишком, блядь, мощно
",1
"Теперь мелодия эта в голове играет.
",1
"обезьяна ахуела вкрай
",1
"чушь какая то, куда отделить, кому отделить",1
"Пусть человек сам решает, и жалуется модеру. p.s а ты гляжу любитель доносы строчить в сороковых полицай бы годный из тебя получился бы.
",1
"ебать ты конченый, нахуя ты это постишь?
",1
"Если тебя посадить в тюрьму и трахнуть - тоже изменишься.
",1
"Дырочки в мозгах у тех, кто абсерваторию гнобит...!
",1
"про поселок художников сокол
",1
"Иогана Ебать, земля тебе пухом, братишка. Этот ебаный унылый никчемный тупорылый копрославный куколд.
",1
"И кого это ты там целуешь на стадионе? только не говори что просто так туда ходишь...
",1
"а то что он не пытался завладеть ее имуществом, существенно?
",1
"КОГДА Я ВИДУ ВАТНИКА, Я ЕГО ПОСЫЛАЮ! ТЫ ВАТНИК, ИДИ НА ХУЙ! ОБОССАЛ ВАШ ПЕТУШИНЫЙ ЗАГОН!
",1
"Евген, ты точно в этом треде сидишь. Рассказывай, Клэп горловой умеет? В жопу даёт?
",1
"да пускай он у бродячей техаской собаки(гавайской обезьяны ?) сосёт , лишь бы не встретить, случайно, это чучело дрочащим свой член на улице.
",1
"Номер: ВОЗОРТ! Ах ты ж возорт эдакий!
",1
"Чувак, тебе не стыдно себя пиарить? ты ещё в подсос-треде летом пиарился
",1
"round150711 mail.ru жду
",1
Ну а что ты тогда негодующий весь. Видимо тебя сильно обижали в армии.,1
"Пиздец. Государство как всегда обосралось
",1
"Ну он-то не в честь Джорджа Вашингтона, президента США?",1
", тут ЦА моего поста негодует больно. Задел видать.
",1
"В Украине решение ЕСПЧ в отношении другого государства является источником права?
",1
"Вот пример пробкового компенсатора
",1
"Последнее сообщение жена написала?
",1
"Я КАК ЭДВАРД БИЛ ПОЫАОВРЫ ПОХОРОНИЛ, ЛА ЛА ЛА, Я КАК ЭДВАРД БИЛ АОЫФВОЫ ПОХОРОНИЛ, ЛАЛА ЛА ЛА. ХУЯРИТ МОЙ ЭНДОРФИН, ЛАЛАЛАЛА.
",1
"Слон наемный убийца скрутил голову очередной жертве
",1
"Кто дал этим глупым зусулам ядрён-батон??
",1
"АХАХАХАХАХАХАХ Ты в очередной раз доказываешь насколько ты тупой долбоёб.
",1
"оооо !! выложу на Пикабу какая страшная угроза ..
",1
"Где то читала, что лекарства отбирают у въезжающих (а аптека там так же пусты)
",1
"Перенесём столицу обратно в Киев?
",1
"Нехрен бегать от собаки, поедешь в больничку усталый и покусанный.
",1
"Но отбитый тут ты. Ну нафантазировал, ошибся, обострение у меня весеннее, но нахуя ты мне отвечаешь то тогда? Чтобы убедить себя в том, что я не прав? Да, пожалуйста, я не сопротивляюсь, ты прав во все.
",1
"я про смену номера во всех сервисах говорю
",1
"А свиньи разве умеют читать?
",1
"Он стал популярным только после того, как его дебил-друже взял под крыло.
",1
"Треуголку ему, шхуну и прямиком на поиски сокровищ.
",1
"ЧТД, у тебя абсолютное непонимание того, что такое экспозиция.
",1
"к нам в иред У тебя нет треда своего, сучка
",1
"Погодите, ща Ник Кейв придет.
",1
"Какой же трюдо эталонный куколд.
",1
"Прикидывайся дебилом дальше, у тебя превосходно получается.
",1
"В ПУБГе он такой беспомощный, такой одинокий...
",1
", у вас тут посетителя в реале забанили. Почините обратно.
",1
"Гнездо наркоманов, проституток и АУЕшной швали
",1
"Модератор, объяснись.
",1
"Вечерний Ургант, Голос, Непутевые заметки - неплохие передачи.
",1
"Сказочный дегенерат просто.
",1
"Le 40к в мес. дохода пидорашка. ЕБАНЫЙ ОЧКАРИК НА КНОПКИ ДАВИТ, 150к ПОЛУЧАЕТ ДА ЧЕМ ОН ЛУЧШЕ МЕНЯ!11 ОТНЯТЬ ПОДЕЛИТЬ!11 Этот министр вполне заслужено получает 5кк в месяц, ты лучше с себя начни, левак проклятый.
",1
"Какая ... отвратительная рожа...
",1
"боевые картинки Типичные адепты гомикадзе
",1
"а где-то в альтернативной реальности когда представили концепт скоростного автомобиля кто-то откомментировал это концепт называется - тело всмятку
",1
"Окатыши сферической формы комочки измельчённого рудного концентрата. Полуфабрикат металлургического производства железа. Являются продуктом обогащения железосодержащих руд специальными концентрирующими способами и последующего окомкования и обжига.
",1
"Живу в Уфе население 1кк , всё считают что мы небольшой город
",1
"Kerbal Space Programm.
",1
"Зачем политач должен покидать лучший из его тредов? Ты поехал?
",1
"Рякни, говно плешивое.
",1
"Выпь, заку, и бабу тра.
",1
"ЗАПУСТИЛ ПАТОК ПЕРДУН СТАРЫЙ
",1
"Ты моральный урод. Теперь жалуйся модератору
",1
"Аххаххахахаааааа АААААА!!!!!!
",1
